
{
    "DH": [
        [
            0.00,
            0.33, 
            0.00, 
            0.00 
        ],
        [
            0.00,
            0.00,
            0.05,
            -1.57079632679 
        ],
        [
            -1.57079632679,
            0.00,
            0.44,
            0.00
        ],
        [
            0.00,
            0.00,
            0.035,
            1.57079632679
        ],
        [
            0.00,
            -0.42,
            0.00,
            1.57079632679
        ],
        [
            0.00,
            0.00,
            0.00,
            -1.57079632679
        ]
    ],
    
    "base": [
        [0, -1, 0, 0],
        [1,  0, 0, 0],
        [0,  0, 1, 0.33],
        [0,  0, 0, 1]
    ]
}